Spectrum Name:						
Description:						
Student ID:						
Detector Used:						
Comments:						
Acquisition Mode:	PHA Direct In					
High Voltage:	0					
Conversion Gain:	4096					
Coarse Gain:	1					
Fine Gain:	1					
Upper Discriminator:	4191					
Lower Discriminator:	54					
Calibration Coefficients:	2.23E-08	3.32E-04	0.056015498			
Calibration Channels:	1266	3054	1952			
Calibration Energies:	0.512	1.278	0.789			
Elapsed Real Time:	733.45					
Elapsed Live Time:	725.43					
Start Time:	"April 23, 2026, 02:10:23"					
End Time:	"April 23, 2026, 02:08:15"					
ROIs:						
ROI:	Low	High	Gross	Net	FWHM	Centroid
						
						
Channel Data:				Area bg	Area norm	
Channel	Energy	Counts		15843	21.83946073	
0	0	0				
1	1	0				
2	2	0				
3	3	0				
4	4	0				
5	5	0				
6	6	0				
7	7	0				
8	8	0				
9	9	0				
10	10	0				
11	11	0				
12	12	2				
13	13	2				
14	14	26				
15	15	21				
16	16	8				
17	17	20				
18	18	10				
19	19	16				
20	20	16				
21	21	16				
22	22	20				
23	23	23				
24	24	46				
25	25	47				
26	26	59				
27	27	143				
28	28	414				
29	29	271				
30	30	371				
31	31	433				
32	32	2261				
33	33	9935				
34	34	2775				
35	35	2290				
36	36	4169				
37	37	7937				
38	38	1924				
39	39	296				
40	40	136				
41	41	46				
42	42	16				
43	43	23				
44	44	28				
45	45	24				
46	46	17				
47	47	23				
48	48	39				
49	49	28				
50	50	28				
51	51	29				
52	52	20				
53	53	23				
54	54	42				
55	55	32				
56	56	32				
57	57	22				
58	58	26				
59	59	34				
60	60	16				
61	61	18				
62	62	17				
63	63	18				
64	64	18				
65	65	13				
66	66	11				
67	67	12				
68	68	10				
69	69	12				
70	70	12				
71	71	19				
72	72	15				
73	73	9				
74	74	18				
75	75	19				
76	76	18				
77	77	16				
78	78	12				
79	79	11				
80	80	11				
81	81	24				
82	82	16				
83	83	18				
84	84	18				
85	85	14				
86	86	19				
87	87	11				
88	88	18				
89	89	21				
90	90	13				
91	91	24				
92	92	17				
93	93	16				
94	94	15				
95	95	23				
96	96	18				
97	97	24				
98	98	18				
99	99	21				
100	100	22				
101	101	19				
102	102	20				
103	103	29				
104	104	18				
105	105	32				
106	106	24				
107	107	23				
108	108	25				
109	109	22				
110	110	28				
111	111	31				
112	112	29				
113	113	47				
114	114	27				
115	115	66				
116	116	122				
117	117	287				
118	118	365				
119	119	250				
120	120	202				
121	121	175				
122	122	86				
123	123	25				
124	124	33				
125	125	23				
126	126	18				
127	127	30				
128	128	20				
129	129	23				
130	130	30				
131	131	25				
132	132	21				
133	133	25				
134	134	24				
135	135	22				
136	136	26				
137	137	21				
138	138	36				
139	139	16				
140	140	21				
141	141	28				
142	142	25				
143	143	32				
144	144	25				
145	145	16				
146	146	30				
147	147	32				
148	148	32				
149	149	25				
150	150	32				
151	151	21				
152	152	26				
153	153	24				
154	154	21				
155	155	21				
156	156	21				
157	157	19				
158	158	39				
159	159	34				
160	160	26				
161	161	19				
162	162	17				
163	163	14				
164	164	22				
165	165	25				
166	166	21				
167	167	18				
168	168	33				
169	169	37				
170	170	22				
171	171	28				
172	172	37				
173	173	20				
174	174	23				
175	175	25				
176	176	23				
177	177	24				
178	178	27				
179	179	28				
180	180	20				
181	181	25				
182	182	30				
183	183	24				
184	184	16				
185	185	31				
186	186	29				
187	187	22				
188	188	26				
189	189	28				
190	190	26				
191	191	37				
192	192	28				
193	193	30				
194	194	34				
195	195	20				
196	196	29				
197	197	26				
198	198	29				
199	199	18				
200	200	32				
201	201	30				
202	202	28				
203	203	18				
204	204	34				
205	205	23				
206	206	21				
207	207	20				
208	208	22				
209	209	35				
210	210	27				
211	211	26				
212	212	28				
213	213	31				
214	214	32				
215	215	29				
216	216	18				
217	217	32				
218	218	32				
219	219	26				
220	220	21				
221	221	29				
222	222	21				
223	223	23				
224	224	23				
225	225	31				
226	226	32				
227	227	25				
228	228	27				
229	229	33				
230	230	30				
231	231	38				
232	232	33				
233	233	21				
234	234	33				
235	235	35				
236	236	31				
237	237	27				
238	238	32				
239	239	19				
240	240	24				
241	241	29				
242	242	29				
243	243	28				
244	244	33				
245	245	37				
246	246	28				
247	247	32				
248	248	34				
249	249	32				
250	250	34				
251	251	44				
252	252	26				
253	253	30				
254	254	34				
255	255	34				
256	256	36				
257	257	43				
258	258	29				
259	259	33				
260	260	41				
261	261	36				
262	262	35				
263	263	32				
264	264	38				
265	265	36				
266	266	29				
267	267	43				
268	268	29				
269	269	35				
270	270	31				
271	271	38				
272	272	36				
273	273	32				
274	274	36				
275	275	35				
276	276	36				
277	277	37				
278	278	38				
279	279	50				
280	280	30				
281	281	35				
282	282	35				
283	283	49				
284	284	33				
285	285	40				
286	286	33				
287	287	35				
288	288	33				
289	289	39				
290	290	39				
291	291	39				
292	292	30				
293	293	47				
294	294	52				
295	295	36				
296	296	61				
297	297	42				
298	298	36				
299	299	36				
300	300	47				
301	301	49				
302	302	55				
303	303	50				
304	304	48				
305	305	39				
306	306	46				
307	307	40				
308	308	47				
309	309	45				
310	310	50				
311	311	50				
312	312	43				
313	313	35				
314	314	36				
315	315	51				
316	316	48				
317	317	52				
318	318	63				
319	319	54				
320	320	56				
321	321	56				
322	322	51				
323	323	43				
324	324	62				
325	325	43				
326	326	61				
327	327	54				
328	328	63				
329	329	58				
330	330	62				
331	331	59				
332	332	65				
333	333	49				
334	334	52				
335	335	56				
336	336	55				
337	337	53				
338	338	50				
339	339	56				
340	340	50				
341	341	54				
342	342	61				
343	343	62				
344	344	70				
345	345	68				
346	346	67				
347	347	61				
348	348	71				
349	349	61				
350	350	55				
351	351	57				
352	352	60				
353	353	68				
354	354	47				
355	355	48				
356	356	77				
357	357	62				
358	358	62				
359	359	67				
360	360	74				
361	361	58				
362	362	79				
363	363	70				
364	364	49				
365	365	68				
366	366	80				
367	367	68				
368	368	49				
369	369	80				
370	370	76				
371	371	77				
372	372	70				
373	373	78				
374	374	65				
375	375	77				
376	376	78				
377	377	102				
378	378	70				
379	379	81				
380	380	81				
381	381	74				
382	382	96				
383	383	75				
384	384	77				
385	385	87				
386	386	72				
387	387	58				
388	388	76				
389	389	86				
390	390	81				
391	391	94				
392	392	99				
393	393	103				
394	394	71				
395	395	78				
396	396	84				
397	397	97				
398	398	70				
399	399	71				
400	400	77				
401	401	78				
402	402	68				
403	403	96				
404	404	90				
405	405	78				
406	406	82				
407	407	66				
408	408	80				
409	409	76				
410	410	85				
411	411	83				
412	412	88				
413	413	73				
414	414	86				
415	415	71				
416	416	84				
417	417	77				
418	418	72				
419	419	91				
420	420	86				
421	421	87				
422	422	77				
423	423	70				
424	424	61				
425	425	99				
426	426	93				
427	427	66				
428	428	75				
429	429	96				
430	430	72				
431	431	65				
432	432	102				
433	433	81				
434	434	78				
435	435	66				
436	436	73				
437	437	83				
438	438	96				
439	439	75				
440	440	80				
441	441	94				
442	442	75				
443	443	80				
444	444	80				
445	445	83				
446	446	78				
447	447	84				
448	448	89				
449	449	69				
450	450	99				
451	451	75				
452	452	78				
453	453	85				
454	454	94				
455	455	89				
456	456	80				
457	457	87				
458	458	90				
459	459	72				
460	460	86				
461	461	87				
462	462	85				
463	463	83				
464	464	100				
465	465	79				
466	466	78				
467	467	86				
468	468	83				
469	469	91				
470	470	92				
471	471	74				
472	472	93				
473	473	87				
474	474	88				
475	475	77				
476	476	98				
477	477	92				
478	478	82				
479	479	76				
480	480	80				
481	481	80				
482	482	72				
483	483	74				
484	484	73				
485	485	80				
486	486	89				
487	487	65				
488	488	88				
489	489	83				
490	490	84				
491	491	81				
492	492	63				
493	493	95				
494	494	81				
495	495	84				
496	496	74				
497	497	77				
498	498	74				
499	499	77				
500	500	87				
501	501	80				
502	502	57				
503	503	91				
504	504	79				
505	505	73				
506	506	69				
507	507	74				
508	508	82				
509	509	96				
510	510	89				
511	511	79				
512	512	104				
513	513	73				
514	514	76				
515	515	74				
516	516	80				
517	517	75				
518	518	80				
519	519	99				
520	520	84				
521	521	76				
522	522	79				
523	523	89				
524	524	80				
525	525	89				
526	526	77				
527	527	70				
528	528	81				
529	529	85				
530	530	80				
531	531	82				
532	532	88				
533	533	78				
534	534	77				
535	535	67				
536	536	87				
537	537	65				
538	538	81				
539	539	92				
540	540	82				
541	541	89				
542	542	62				
543	543	83				
544	544	56				
545	545	93				
546	546	77				
547	547	80				
548	548	68				
549	549	76				
550	550	61				
551	551	74				
552	552	90				
553	553	84				
554	554	84				
555	555	83				
556	556	77				
557	557	77				
558	558	68				
559	559	74				
560	560	77				
561	561	100				
562	562	91				
563	563	82				
564	564	66				
565	565	92				
566	566	89				
567	567	90				
568	568	68				
569	569	80				
570	570	82				
571	571	93				
572	572	65				
573	573	71				
574	574	104				
575	575	73				
576	576	82				
577	577	78				
578	578	84				
579	579	79				
580	580	92				
581	581	73				
582	582	86				
583	583	83				
584	584	65				
585	585	78				
586	586	83				
587	587	63				
588	588	89				
589	589	83				
590	590	64				
591	591	81				
592	592	86				
593	593	89				
594	594	81				
595	595	80				
596	596	76				
597	597	92				
598	598	72				
599	599	83				
600	600	74				
601	601	64				
602	602	72				
603	603	107				
604	604	74				
605	605	48				
606	606	80				
607	607	74				
608	608	80				
609	609	83				
610	610	86				
611	611	72				
612	612	84				
613	613	73				
614	614	81				
615	615	90				
616	616	85				
617	617	85				
618	618	80				
619	619	77				
620	620	98				
621	621	86				
622	622	85				
623	623	57				
624	624	86				
625	625	80				
626	626	91				
627	627	76				
628	628	76				
629	629	91				
630	630	74				
631	631	93				
632	632	98				
633	633	69				
634	634	89				
635	635	99				
636	636	69				
637	637	88				
638	638	93				
639	639	71				
640	640	88				
641	641	75				
642	642	77				
643	643	69				
644	644	71				
645	645	92				
646	646	82				
647	647	70				
648	648	65				
649	649	63				
650	650	84				
651	651	82				
652	652	84				
653	653	71				
654	654	72				
655	655	88				
656	656	77				
657	657	84				
658	658	90				
659	659	66				
660	660	83				
661	661	99				
662	662	65				
663	663	70				
664	664	76				
665	665	77				
666	666	86				
667	667	89				
668	668	86				
669	669	66				
670	670	92				
671	671	83				
672	672	74				
673	673	95				
674	674	59				
675	675	90				
676	676	64				
677	677	75				
678	678	71				
679	679	94				
680	680	77				
681	681	83				
682	682	76				
683	683	68				
684	684	71				
685	685	85				
686	686	82				
687	687	86				
688	688	69				
689	689	67				
690	690	63				
691	691	71				
692	692	90				
693	693	90				
694	694	72				
695	695	82				
696	696	66				
697	697	88				
698	698	66				
699	699	84				
700	700	81				
701	701	81				
702	702	85				
703	703	81				
704	704	73				
705	705	64				
706	706	79				
707	707	68				
708	708	76				
709	709	73				
710	710	76				
711	711	89				
712	712	65				
713	713	78				
714	714	84				
715	715	76				
716	716	64				
717	717	92				
718	718	76				
719	719	84				
720	720	70				
721	721	82				
722	722	73				
723	723	77				
724	724	71				
725	725	74				
726	726	77				
727	727	72				
728	728	72				
729	729	67				
730	730	70				
731	731	66				
732	732	64				
733	733	69				
734	734	72				
735	735	73				
736	736	65				
737	737	71				
738	738	73				
739	739	78				
740	740	76				
741	741	59				
742	742	67				
743	743	101				
744	744	63				
745	745	99				
746	746	77				
747	747	82				
748	748	69				
749	749	65				
750	750	76				
751	751	78				
752	752	81				
753	753	76				
754	754	75				
755	755	71				
756	756	70				
757	757	71				
758	758	69				
759	759	86				
760	760	92				
761	761	73				
762	762	65				
763	763	91				
764	764	81				
765	765	58				
766	766	77				
767	767	72				
768	768	91				
769	769	52				
770	770	77				
771	771	65				
772	772	73				
773	773	70				
774	774	70				
775	775	74				
776	776	75				
777	777	67				
778	778	73				
779	779	64				
780	780	70				
781	781	76				
782	782	75				
783	783	75				
784	784	68				
785	785	77				
786	786	59				
787	787	60				
788	788	66				
789	789	80				
790	790	76				
791	791	58				
792	792	76				
793	793	65				
794	794	72				
795	795	59				
796	796	79				
797	797	71				
798	798	73				
799	799	66				
800	800	86				
801	801	68				
802	802	81				
803	803	90				
804	804	84				
805	805	78				
806	806	74				
807	807	64				
808	808	73				
809	809	68				
810	810	56				
811	811	72				
812	812	60				
813	813	66				
814	814	71				
815	815	60				
816	816	91				
817	817	76				
818	818	72				
819	819	79				
820	820	55				
821	821	76				
822	822	73				
823	823	65				
824	824	49				
825	825	78				
826	826	75				
827	827	84				
828	828	63				
829	829	75				
830	830	61				
831	831	66				
832	832	68				
833	833	70				
834	834	81				
835	835	70				
836	836	62				
837	837	73				
838	838	67				
839	839	77				
840	840	72				
841	841	74				
842	842	57				
843	843	66				
844	844	62				
845	845	66				
846	846	64				
847	847	68				
848	848	76				
849	849	67				
850	850	67				
851	851	69				
852	852	68				
853	853	74				
854	854	76				
855	855	67				
856	856	62				
857	857	72				
858	858	67				
859	859	73				
860	860	84				
861	861	62				
862	862	73				
863	863	79				
864	864	71				
865	865	62				
866	866	72				
867	867	66				
868	868	78				
869	869	73				
870	870	57				
871	871	67				
872	872	76				
873	873	74				
874	874	69				
875	875	64				
876	876	62				
877	877	79				
878	878	71				
879	879	66				
880	880	66				
881	881	67				
882	882	75				
883	883	68				
884	884	65				
885	885	67				
886	886	69				
887	887	55				
888	888	74				
889	889	72				
890	890	62				
891	891	67				
892	892	86				
893	893	77				
894	894	78				
895	895	78				
896	896	61				
897	897	78				
898	898	87				
899	899	76				
900	900	75				
901	901	64				
902	902	68				
903	903	68				
904	904	65				
905	905	71				
906	906	75				
907	907	79				
908	908	81				
909	909	76				
910	910	85				
911	911	62				
912	912	68				
913	913	74				
914	914	77				
915	915	64				
916	916	80				
917	917	71				
918	918	70				
919	919	83				
920	920	88				
921	921	87				
922	922	78				
923	923	83				
924	924	80				
925	925	76				
926	926	72				
927	927	71				
928	928	80				
929	929	106				
930	930	78				
931	931	68				
932	932	83				
933	933	69				
934	934	82				
935	935	78				
936	936	80				
937	937	68				
938	938	56				
939	939	85				
940	940	65				
941	941	68				
942	942	83				
943	943	89				
944	944	84				
945	945	87				
946	946	56				
947	947	69				
948	948	82				
949	949	79				
950	950	77				
951	951	76				
952	952	90				
953	953	73				
954	954	82				
955	955	70				
956	956	78				
957	957	70				
958	958	69				
959	959	69				
960	960	74				
961	961	82				
962	962	79				
963	963	85				
964	964	85				
965	965	78				
966	966	76				
967	967	81				
968	968	87				
969	969	71				
970	970	79				
971	971	75				
972	972	81				
973	973	61				
974	974	57				
975	975	70				
976	976	70				
977	977	87				
978	978	82				
979	979	72				
980	980	70				
981	981	65				
982	982	73				
983	983	84				
984	984	62				
985	985	50				
986	986	74				
987	987	66				
988	988	73				
989	989	75				
990	990	72				
991	991	82				
992	992	67				
993	993	67				
994	994	69				
995	995	67				
996	996	77				
997	997	64				
998	998	73				
999	999	76				
1000	1000	67				
1001	1001	64				
1002	1002	59				
1003	1003	72				
1004	1004	65				
1005	1005	58				
1006	1006	63				
1007	1007	51				
1008	1008	59				
1009	1009	57				
1010	1010	57				
1011	1011	58				
1012	1012	80				
1013	1013	73				
1014	1014	82				
1015	1015	69				
1016	1016	55				
1017	1017	63				
1018	1018	60				
1019	1019	56				
1020	1020	54				
1021	1021	67				
1022	1022	56				
1023	1023	59				
1024	1024	58				
1025	1025	56				
1026	1026	51				
1027	1027	44				
1028	1028	61				
1029	1029	73				
1030	1030	60				
1031	1031	64				
1032	1032	61				
1033	1033	91				
1034	1034	72				
1035	1035	51				
1036	1036	62				
1037	1037	65				
1038	1038	66				
1039	1039	59				
1040	1040	55				
1041	1041	61				
1042	1042	56				
1043	1043	67				
1044	1044	54				
1045	1045	50				
1046	1046	58				
1047	1047	48				
1048	1048	57				
1049	1049	37				
1050	1050	54				
1051	1051	56				
1052	1052	61				
1053	1053	58				
1054	1054	69				
1055	1055	60				
1056	1056	67				
1057	1057	62				
1058	1058	59				
1059	1059	53				
1060	1060	57				
1061	1061	67				
1062	1062	52				
1063	1063	48				
1064	1064	64				
1065	1065	62				
1066	1066	56				
1067	1067	42				
1068	1068	61				
1069	1069	51				
1070	1070	45				
1071	1071	53				
1072	1072	58				
1073	1073	67				
1074	1074	66				
1075	1075	70				
1076	1076	54				
1077	1077	59				
1078	1078	54				
1079	1079	57				
1080	1080	65				
1081	1081	49				
1082	1082	46				
1083	1083	59				
1084	1084	60				
1085	1085	61				
1086	1086	74				
1087	1087	53				
1088	1088	57				
1089	1089	49				
1090	1090	43				
1091	1091	53				
1092	1092	55				
1093	1093	47				
1094	1094	48				
1095	1095	50				
1096	1096	56				
1097	1097	54				
1098	1098	50				
1099	1099	58				
1100	1100	56				
1101	1101	56				
1102	1102	52				
1103	1103	42				
1104	1104	43				
1105	1105	47				
1106	1106	44				
1107	1107	63				
1108	1108	59				
1109	1109	54				
1110	1110	62				
1111	1111	61				
1112	1112	48				
1113	1113	63				
1114	1114	51				
1115	1115	47				
1116	1116	53				
1117	1117	54				
1118	1118	45				
1119	1119	57				
1120	1120	56				
1121	1121	56				
1122	1122	62				
1123	1123	54				
1124	1124	59				
1125	1125	57				
1126	1126	45				
1127	1127	48				
1128	1128	37				
1129	1129	51				
1130	1130	53				
1131	1131	50				
1132	1132	47				
1133	1133	50				
1134	1134	48				
1135	1135	58				
1136	1136	53				
1137	1137	53				
1138	1138	55				
1139	1139	53				
1140	1140	68				
1141	1141	52				
1142	1142	64				
1143	1143	56				
1144	1144	38				
1145	1145	61				
1146	1146	39				
1147	1147	52				
1148	1148	62				
1149	1149	44				
1150	1150	46				
1151	1151	48				
1152	1152	47				
1153	1153	47				
1154	1154	45				
1155	1155	60				
1156	1156	42				
1157	1157	65				
1158	1158	46				
1159	1159	43				
1160	1160	41				
1161	1161	36				
1162	1162	59				
1163	1163	60				
1164	1164	54				
1165	1165	44				
1166	1166	44				
1167	1167	57				
1168	1168	53				
1169	1169	44				
1170	1170	41				
1171	1171	52				
1172	1172	43				
1173	1173	57				
1174	1174	54				
1175	1175	64				
1176	1176	53				
1177	1177	42				
1178	1178	36				
1179	1179	52				
1180	1180	51				
1181	1181	64				
1182	1182	36				
1183	1183	47				
1184	1184	43				
1185	1185	55				
1186	1186	39				
1187	1187	35				
1188	1188	30				
1189	1189	50				
1190	1190	50				
1191	1191	56				
1192	1192	50				
1193	1193	32				
1194	1194	49				
1195	1195	52				
1196	1196	44				
1197	1197	40				
1198	1198	43				
1199	1199	39				
1200	1200	46				
1201	1201	50				
1202	1202	44				
1203	1203	43				
1204	1204	50				
1205	1205	39				
1206	1206	33				
1207	1207	32				
1208	1208	45				
1209	1209	48				
1210	1210	56				
1211	1211	36				
1212	1212	40				
1213	1213	48				
1214	1214	32				
1215	1215	40				
1216	1216	45				
1217	1217	47				
1218	1218	41				
1219	1219	33				
1220	1220	56				
1221	1221	40				
1222	1222	36				
1223	1223	36				
1224	1224	49				
1225	1225	37				
1226	1226	34				
1227	1227	42				
1228	1228	48				
1229	1229	45				
1230	1230	46				
1231	1231	42				
1232	1232	32				
1233	1233	54				
1234	1234	51				
1235	1235	41				
1236	1236	38				
1237	1237	41				
1238	1238	32				
1239	1239	43				
1240	1240	43				
1241	1241	41				
1242	1242	34				
1243	1243	38				
1244	1244	47				
1245	1245	49				
1246	1246	43				
1247	1247	36				
1248	1248	37				
1249	1249	40				
1250	1250	46				
1251	1251	36				
1252	1252	32				
1253	1253	43				
1254	1254	44				
1255	1255	43				
1256	1256	37				
1257	1257	29				
1258	1258	42				
1259	1259	43				
1260	1260	44				
1261	1261	37				
1262	1262	30				
1263	1263	38				
1264	1264	34				
1265	1265	32				
1266	1266	45				
1267	1267	39				
1268	1268	40				
1269	1269	43				
1270	1270	38				
1271	1271	39				
1272	1272	38				
1273	1273	38				
1274	1274	29				
1275	1275	49				
1276	1276	29				
1277	1277	45				
1278	1278	42				
1279	1279	39				
1280	1280	34				
1281	1281	41				
1282	1282	40				
1283	1283	31				
1284	1284	41				
1285	1285	32				
1286	1286	42				
1287	1287	39				
1288	1288	43				
1289	1289	29				
1290	1290	52				
1291	1291	35				
1292	1292	34				
1293	1293	33				
1294	1294	53				
1295	1295	32				
1296	1296	36				
1297	1297	26				
1298	1298	39				
1299	1299	28				
1300	1300	39				
1301	1301	27				
1302	1302	27				
1303	1303	29				
1304	1304	29				
1305	1305	37				
1306	1306	27				
1307	1307	36				
1308	1308	42				
1309	1309	29				
1310	1310	36				
1311	1311	29				
1312	1312	30				
1313	1313	39				
1314	1314	38				
1315	1315	33				
1316	1316	30				
1317	1317	31				
1318	1318	33				
1319	1319	33				
1320	1320	27				
1321	1321	25				
1322	1322	24				
1323	1323	45				
1324	1324	30				
1325	1325	34				
1326	1326	24				
1327	1327	34				
1328	1328	19				
1329	1329	16				
1330	1330	40				
1331	1331	40				
1332	1332	29				
1333	1333	38				
1334	1334	37				
1335	1335	26				
1336	1336	30				
1337	1337	33				
1338	1338	28				
1339	1339	26				
1340	1340	18				
1341	1341	31				
1342	1342	34				
1343	1343	22				
1344	1344	27				
1345	1345	30				
1346	1346	40				
1347	1347	29				
1348	1348	26				
1349	1349	26				
1350	1350	31				
1351	1351	28				
1352	1352	35				
1353	1353	27				
1354	1354	30				
1355	1355	34				
1356	1356	26				
1357	1357	29				
1358	1358	20				
1359	1359	30				
1360	1360	29				
1361	1361	24				
1362	1362	27				
1363	1363	35				
1364	1364	27				
1365	1365	27				
1366	1366	22				
1367	1367	31				
1368	1368	28				
1369	1369	32				
1370	1370	21				
1371	1371	26				
1372	1372	22				
1373	1373	37				
1374	1374	25				
1375	1375	26				
1376	1376	29				
1377	1377	43				
1378	1378	20				
1379	1379	29				
1380	1380	23				
1381	1381	32				
1382	1382	31				
1383	1383	29				
1384	1384	28				
1385	1385	26				
1386	1386	31				
1387	1387	23				
1388	1388	23				
1389	1389	26				
1390	1390	33				
1391	1391	17				
1392	1392	30				
1393	1393	27				
1394	1394	35				
1395	1395	37				
1396	1396	27				
1397	1397	37				
1398	1398	32				
1399	1399	24				
1400	1400	15				
1401	1401	32				
1402	1402	22				
1403	1403	17				
1404	1404	24				
1405	1405	27				
1406	1406	35				
1407	1407	25				
1408	1408	26				
1409	1409	28				
1410	1410	20				
1411	1411	30				
1412	1412	22				
1413	1413	32				
1414	1414	21				
1415	1415	35				
1416	1416	32				
1417	1417	31				
1418	1418	18				
1419	1419	22				
1420	1420	24				
1421	1421	33				
1422	1422	35				
1423	1423	32				
1424	1424	19				
1425	1425	27				
1426	1426	28				
1427	1427	20				
1428	1428	28				
1429	1429	25				
1430	1430	29				
1431	1431	30				
1432	1432	34				
1433	1433	28				
1434	1434	32				
1435	1435	25				
1436	1436	27				
1437	1437	31				
1438	1438	26				
1439	1439	20				
1440	1440	22				
1441	1441	25				
1442	1442	35				
1443	1443	26				
1444	1444	20				
1445	1445	26				
1446	1446	28				
1447	1447	24				
1448	1448	26				
1449	1449	30				
1450	1450	34				
1451	1451	21				
1452	1452	12				
1453	1453	20				
1454	1454	35				
1455	1455	17				
1456	1456	23				
1457	1457	26				
1458	1458	29				
1459	1459	28				
1460	1460	21				
1461	1461	21				
1462	1462	32				
1463	1463	24				
1464	1464	21				
1465	1465	16				
1466	1466	21				
1467	1467	27				
1468	1468	25				
1469	1469	16				
1470	1470	30				
1471	1471	22				
1472	1472	25				
1473	1473	19				
1474	1474	27				
1475	1475	26				
1476	1476	17				
1477	1477	22				
1478	1478	28				
1479	1479	20				
1480	1480	25				
1481	1481	26				
1482	1482	22				
1483	1483	19				
1484	1484	30				
1485	1485	33				
1486	1486	14				
1487	1487	28				
1488	1488	21				
1489	1489	29				
1490	1490	25				
1491	1491	21				
1492	1492	30				
1493	1493	21				
1494	1494	21				
1495	1495	26				
1496	1496	29				
1497	1497	17				
1498	1498	24				
1499	1499	19				
1500	1500	15				
1501	1501	14				
1502	1502	29				
1503	1503	27				
1504	1504	23				
1505	1505	23				
1506	1506	17				
1507	1507	19				
1508	1508	24				
1509	1509	25				
1510	1510	24				
1511	1511	24				
1512	1512	24				
1513	1513	21				
1514	1514	31				
1515	1515	24				
1516	1516	25				
1517	1517	27				
1518	1518	21				
1519	1519	23				
1520	1520	27				
1521	1521	24				
1522	1522	24				
1523	1523	16				
1524	1524	21				
1525	1525	30				
1526	1526	20				
1527	1527	34				
1528	1528	10				
1529	1529	22				
1530	1530	25				
1531	1531	20				
1532	1532	24				
1533	1533	14				
1534	1534	21				
1535	1535	13				
1536	1536	21				
1537	1537	20				
1538	1538	18				
1539	1539	23				
1540	1540	36				
1541	1541	27				
1542	1542	23				
1543	1543	22				
1544	1544	32				
1545	1545	23				
1546	1546	22				
1547	1547	23				
1548	1548	22				
1549	1549	18				
1550	1550	32				
1551	1551	21				
1552	1552	16				
1553	1553	27				
1554	1554	25				
1555	1555	27				
1556	1556	29				
1557	1557	21				
1558	1558	22				
1559	1559	23				
1560	1560	19				
1561	1561	23				
1562	1562	25				
1563	1563	25				
1564	1564	19				
1565	1565	23				
1566	1566	23				
1567	1567	18				
1568	1568	34				
1569	1569	25				
1570	1570	28				
1571	1571	18				
1572	1572	20				
1573	1573	19				
1574	1574	21				
1575	1575	21				
1576	1576	14				
1577	1577	20				
1578	1578	17				
1579	1579	20				
1580	1580	15				
1581	1581	16				
1582	1582	26				
1583	1583	23				
1584	1584	17				
1585	1585	15				
1586	1586	12				
1587	1587	21				
1588	1588	24				
1589	1589	22				
1590	1590	24				
1591	1591	27				
1592	1592	20				
1593	1593	21				
1594	1594	28				
1595	1595	24				
1596	1596	27				
1597	1597	13				
1598	1598	25				
1599	1599	22				
1600	1600	18				
1601	1601	15				
1602	1602	15				
1603	1603	22				
1604	1604	14				
1605	1605	23				
1606	1606	24				
1607	1607	23				
1608	1608	26				
1609	1609	17				
1610	1610	22				
1611	1611	21				
1612	1612	19				
1613	1613	25				
1614	1614	15				
1615	1615	23				
1616	1616	21				
1617	1617	24				
1618	1618	26				
1619	1619	25				
1620	1620	26				
1621	1621	24				
1622	1622	23				
1623	1623	23				
1624	1624	23				
1625	1625	13				
1626	1626	25				
1627	1627	14				
1628	1628	15				
1629	1629	19				
1630	1630	18				
1631	1631	26				
1632	1632	13				
1633	1633	18				
1634	1634	30				
1635	1635	19				
1636	1636	23				
1637	1637	24				
1638	1638	22				
1639	1639	14				
1640	1640	21				
1641	1641	20				
1642	1642	25				
1643	1643	22				
1644	1644	19				
1645	1645	18				
1646	1646	27				
1647	1647	23				
1648	1648	25				
1649	1649	26				
1650	1650	14				
1651	1651	20				
1652	1652	21				
1653	1653	14				
1654	1654	23				
1655	1655	20				
1656	1656	18				
1657	1657	23				
1658	1658	10				
1659	1659	11				
1660	1660	18				
1661	1661	16				
1662	1662	15				
1663	1663	26				
1664	1664	15				
1665	1665	25				
1666	1666	23				
1667	1667	25				
1668	1668	25				
1669	1669	22				
1670	1670	19				
1671	1671	19				
1672	1672	18				
1673	1673	16				
1674	1674	20				
1675	1675	24				
1676	1676	14				
1677	1677	28				
1678	1678	11				
1679	1679	16				
1680	1680	20				
1681	1681	12				
1682	1682	19				
1683	1683	19				
1684	1684	23				
1685	1685	21				
1686	1686	18				
1687	1687	21				
1688	1688	22				
1689	1689	21				
1690	1690	15				
1691	1691	18				
1692	1692	15				
1693	1693	17				
1694	1694	20				
1695	1695	20				
1696	1696	17				
1697	1697	17				
1698	1698	24				
1699	1699	18				
1700	1700	17				
1701	1701	20				
1702	1702	29				
1703	1703	12				
1704	1704	18				
1705	1705	11				
1706	1706	18				
1707	1707	12				
1708	1708	22				
1709	1709	15				
1710	1710	26				
1711	1711	16				
1712	1712	17				
1713	1713	16				
1714	1714	23				
1715	1715	27				
1716	1716	14				
1717	1717	11				
1718	1718	17				
1719	1719	24				
1720	1720	15				
1721	1721	19				
1722	1722	20				
1723	1723	24				
1724	1724	20				
1725	1725	19				
1726	1726	22				
1727	1727	23				
1728	1728	18				
1729	1729	14				
1730	1730	24				
1731	1731	15				
1732	1732	24				
1733	1733	15				
1734	1734	24				
1735	1735	15				
1736	1736	17				
1737	1737	27				
1738	1738	18				
1739	1739	14				
1740	1740	13				
1741	1741	23				
1742	1742	11				
1743	1743	15				
1744	1744	17				
1745	1745	19				
1746	1746	20				
1747	1747	12				
1748	1748	18				
1749	1749	18				
1750	1750	22				
1751	1751	13				
1752	1752	16				
1753	1753	18				
1754	1754	14				
1755	1755	22				
1756	1756	18				
1757	1757	21				
1758	1758	26				
1759	1759	20				
1760	1760	16				
1761	1761	7				
1762	1762	21				
1763	1763	19				
1764	1764	24				
1765	1765	22				
1766	1766	9				
1767	1767	20				
1768	1768	22				
1769	1769	16				
1770	1770	14				
1771	1771	18				
1772	1772	16				
1773	1773	30				
1774	1774	23				
1775	1775	15				
1776	1776	18				
1777	1777	22				
1778	1778	23				
1779	1779	10				
1780	1780	20				
1781	1781	23				
1782	1782	12				
1783	1783	22				
1784	1784	17				
1785	1785	16				
1786	1786	17				
1787	1787	16				
1788	1788	23				
1789	1789	12				
1790	1790	18				
1791	1791	15				
1792	1792	25				
1793	1793	21				
1794	1794	29				
1795	1795	18				
1796	1796	10				
1797	1797	16				
1798	1798	18				
1799	1799	17				
1800	1800	21				
1801	1801	18				
1802	1802	22				
1803	1803	17				
1804	1804	27				
1805	1805	22				
1806	1806	12				
1807	1807	15				
1808	1808	16				
1809	1809	18				
1810	1810	28				
1811	1811	14				
1812	1812	21				
1813	1813	18				
1814	1814	17				
1815	1815	16				
1816	1816	14				
1817	1817	24				
1818	1818	14				
1819	1819	16				
1820	1820	16				
1821	1821	27				
1822	1822	21				
1823	1823	13				
1824	1824	19				
1825	1825	16				
1826	1826	20				
1827	1827	25				
1828	1828	9				
1829	1829	15				
1830	1830	18				
1831	1831	14				
1832	1832	16				
1833	1833	17				
1834	1834	19				
1835	1835	23				
1836	1836	17				
1837	1837	23				
1838	1838	20				
1839	1839	25				
1840	1840	16				
1841	1841	22				
1842	1842	12				
1843	1843	19				
1844	1844	12				
1845	1845	19				
1846	1846	16				
1847	1847	13				
1848	1848	17				
1849	1849	17				
1850	1850	15				
1851	1851	12				
1852	1852	19				
1853	1853	14				
1854	1854	27				
1855	1855	15				
1856	1856	26				
1857	1857	9				
1858	1858	16				
1859	1859	17				
1860	1860	10				
1861	1861	24				
1862	1862	14				
1863	1863	14				
1864	1864	16				
1865	1865	16				
1866	1866	16				
1867	1867	12				
1868	1868	20				
1869	1869	20				
1870	1870	18				
1871	1871	11				
1872	1872	15				
1873	1873	15				
1874	1874	20				
1875	1875	17				
1876	1876	19				
1877	1877	16				
1878	1878	21				
1879	1879	11				
1880	1880	30				
1881	1881	23				
1882	1882	16				
1883	1883	24				
1884	1884	12				
1885	1885	15				
1886	1886	22				
1887	1887	21				
1888	1888	17				
1889	1889	11				
1890	1890	19				
1891	1891	21				
1892	1892	18				
1893	1893	18				
1894	1894	13				
1895	1895	19				
1896	1896	15				
1897	1897	14				
1898	1898	19				
1899	1899	10				
1900	1900	15				
1901	1901	17				
1902	1902	16				
1903	1903	16				
1904	1904	14				
1905	1905	12				
1906	1906	17				
1907	1907	15				
1908	1908	12				
1909	1909	15				
1910	1910	20				
1911	1911	16				
1912	1912	18				
1913	1913	7				
1914	1914	13				
1915	1915	25				
1916	1916	10				
1917	1917	24				
1918	1918	15				
1919	1919	14				
1920	1920	17				
1921	1921	14				
1922	1922	16				
1923	1923	18				
1924	1924	20				
1925	1925	13				
1926	1926	14				
1927	1927	15				
1928	1928	22				
1929	1929	21				
1930	1930	11				
1931	1931	11				
1932	1932	14				
1933	1933	13				
1934	1934	18				
1935	1935	26				
1936	1936	14				
1937	1937	20				
1938	1938	25				
1939	1939	9				
1940	1940	18				
1941	1941	16				
1942	1942	21				
1943	1943	17				
1944	1944	16				
1945	1945	23				
1946	1946	13				
1947	1947	13				
1948	1948	7				
1949	1949	16				
1950	1950	21				
1951	1951	12				
1952	1952	14				
1953	1953	14				
1954	1954	10				
1955	1955	7				
1956	1956	16				
1957	1957	18				
1958	1958	15				
1959	1959	17				
1960	1960	11				
1961	1961	21				
1962	1962	6				
1963	1963	20				
1964	1964	24				
1965	1965	17				
1966	1966	17				
1967	1967	15				
1968	1968	11				
1969	1969	16				
1970	1970	22				
1971	1971	18				
1972	1972	6				
1973	1973	23				
1974	1974	16				
1975	1975	21				
1976	1976	18				
1977	1977	16				
1978	1978	22				
1979	1979	12				
1980	1980	21				
1981	1981	14				
1982	1982	15				
1983	1983	14				
1984	1984	11				
1985	1985	16				
1986	1986	9				
1987	1987	12				
1988	1988	12				
1989	1989	13				
1990	1990	21				
1991	1991	12				
1992	1992	14				
1993	1993	24				
1994	1994	14				
1995	1995	9				
1996	1996	17				
1997	1997	15				
1998	1998	16				
1999	1999	12				
2000	2000	17				
2001	2001	11				
2002	2002	16				
2003	2003	19				
2004	2004	15				
2005	2005	15				
2006	2006	12				
2007	2007	13				
2008	2008	15				
2009	2009	15				
2010	2010	11				
2011	2011	20				
2012	2012	16				
2013	2013	16				
2014	2014	15				
2015	2015	12				
2016	2016	17				
2017	2017	15				
2018	2018	18				
2019	2019	17				
2020	2020	24				
2021	2021	22				
2022	2022	13				
2023	2023	13				
2024	2024	18				
2025	2025	20				
2026	2026	22				
2027	2027	19				
2028	2028	20				
2029	2029	16				
2030	2030	14				
2031	2031	15				
2032	2032	12				
2033	2033	13				
2034	2034	14				
2035	2035	9				
2036	2036	21				
2037	2037	17				
2038	2038	18				
2039	2039	19				
2040	2040	14				
2041	2041	12				
2042	2042	12				
2043	2043	14				
2044	2044	16				
2045	2045	15				
2046	2046	16				
2047	2047	18				
2048	2048	16				
2049	2049	16				
2050	2050	14				
2051	2051	10				
2052	2052	15				
2053	2053	15				
2054	2054	15				
2055	2055	23				
2056	2056	24				
2057	2057	25				
2058	2058	17				
2059	2059	16				
2060	2060	14				
2061	2061	10				
2062	2062	16				
2063	2063	17				
2064	2064	8				
2065	2065	11				
2066	2066	16				
2067	2067	15				
2068	2068	11				
2069	2069	13				
2070	2070	20				
2071	2071	14				
2072	2072	9				
2073	2073	15				
2074	2074	16				
2075	2075	11				
2076	2076	19				
2077	2077	16				
2078	2078	8				
2079	2079	13				
2080	2080	15				
2081	2081	16				
2082	2082	18				
2083	2083	14				
2084	2084	16				
2085	2085	8				
2086	2086	11				
2087	2087	15				
2088	2088	18				
2089	2089	9				
2090	2090	19				
2091	2091	13				
2092	2092	22				
2093	2093	21				
2094	2094	18				
2095	2095	8				
2096	2096	11				
2097	2097	16				
2098	2098	18				
2099	2099	12				
2100	2100	13				
2101	2101	17				
2102	2102	8				
2103	2103	13				
2104	2104	15				
2105	2105	17				
2106	2106	14				
2107	2107	15				
2108	2108	14				
2109	2109	11				
2110	2110	24				
2111	2111	18				
2112	2112	8				
2113	2113	13				
2114	2114	14				
2115	2115	14				
2116	2116	12				
2117	2117	19				
2118	2118	5				
2119	2119	23				
2120	2120	12				
2121	2121	18				
2122	2122	12				
2123	2123	12				
2124	2124	11				
2125	2125	15				
2126	2126	13				
2127	2127	22				
2128	2128	15				
2129	2129	23				
2130	2130	15				
2131	2131	15				
2132	2132	12				
2133	2133	13				
2134	2134	17				
2135	2135	12				
2136	2136	8				
2137	2137	9				
2138	2138	21				
2139	2139	14				
2140	2140	11				
2141	2141	15				
2142	2142	9				
2143	2143	15				
2144	2144	17				
2145	2145	19				
2146	2146	13				
2147	2147	19				
2148	2148	20				
2149	2149	12				
2150	2150	13				
2151	2151	14				
2152	2152	22				
2153	2153	11				
2154	2154	19				
2155	2155	14				
2156	2156	13				
2157	2157	20				
2158	2158	12				
2159	2159	16				
2160	2160	17				
2161	2161	22				
2162	2162	17				
2163	2163	16				
2164	2164	12				
2165	2165	8				
2166	2166	10				
2167	2167	11				
2168	2168	14				
2169	2169	12				
2170	2170	10				
2171	2171	16				
2172	2172	14				
2173	2173	10				
2174	2174	13				
2175	2175	13				
2176	2176	21				
2177	2177	15				
2178	2178	9				
2179	2179	9				
2180	2180	16				
2181	2181	15				
2182	2182	12				
2183	2183	9				
2184	2184	11				
2185	2185	11				
2186	2186	13				
2187	2187	16				
2188	2188	9				
2189	2189	14				
2190	2190	14				
2191	2191	17				
2192	2192	14				
2193	2193	14				
2194	2194	9				
2195	2195	12				
2196	2196	18				
2197	2197	10				
2198	2198	11				
2199	2199	16				
2200	2200	13				
2201	2201	15				
2202	2202	18				
2203	2203	8				
2204	2204	13				
2205	2205	11				
2206	2206	19				
2207	2207	16				
2208	2208	20				
2209	2209	11				
2210	2210	12				
2211	2211	14				
2212	2212	23				
2213	2213	8				
2214	2214	13				
2215	2215	23				
2216	2216	25				
2217	2217	17				
2218	2218	16				
2219	2219	13				
2220	2220	14				
2221	2221	16				
2222	2222	13				
2223	2223	10				
2224	2224	19				
2225	2225	16				
2226	2226	14				
2227	2227	9				
2228	2228	10				
2229	2229	14				
2230	2230	11				
2231	2231	21				
2232	2232	14				
2233	2233	10				
2234	2234	25				
2235	2235	18				
2236	2236	12				
2237	2237	7				
2238	2238	14				
2239	2239	9				
2240	2240	12				
2241	2241	13				
2242	2242	17				
2243	2243	13				
2244	2244	14				
2245	2245	11				
2246	2246	21				
2247	2247	17				
2248	2248	14				
2249	2249	15				
2250	2250	13				
2251	2251	10				
2252	2252	17				
2253	2253	16				
2254	2254	11				
2255	2255	12				
2256	2256	12				
2257	2257	11				
2258	2258	16				
2259	2259	16				
2260	2260	7				
2261	2261	19				
2262	2262	15				
2263	2263	12				
2264	2264	9				
2265	2265	11				
2266	2266	11				
2267	2267	12				
2268	2268	14				
2269	2269	20				
2270	2270	8				
2271	2271	12				
2272	2272	11				
2273	2273	16				
2274	2274	6				
2275	2275	18				
2276	2276	15				
2277	2277	13				
2278	2278	14				
2279	2279	7				
2280	2280	11				
2281	2281	12				
2282	2282	9				
2283	2283	18				
2284	2284	11				
2285	2285	17				
2286	2286	9				
2287	2287	15				
2288	2288	17				
2289	2289	10				
2290	2290	13				
2291	2291	14				
2292	2292	5				
2293	2293	14				
2294	2294	6				
2295	2295	17				
2296	2296	12				
2297	2297	14				
2298	2298	9				
2299	2299	16				
2300	2300	8				
2301	2301	10				
2302	2302	11				
2303	2303	13				
2304	2304	9				
2305	2305	12				
2306	2306	11				
2307	2307	10				
2308	2308	11				
2309	2309	12				
2310	2310	9				
2311	2311	10				
2312	2312	9				
2313	2313	12				
2314	2314	13				
2315	2315	7				
2316	2316	15				
2317	2317	13				
2318	2318	11				
2319	2319	13				
2320	2320	9				
2321	2321	15				
2322	2322	9				
2323	2323	11				
2324	2324	14				
2325	2325	10				
2326	2326	13				
2327	2327	11				
2328	2328	13				
2329	2329	5				
2330	2330	13				
2331	2331	13				
2332	2332	8				
2333	2333	7				
2334	2334	11				
2335	2335	11				
2336	2336	8				
2337	2337	15				
2338	2338	9				
2339	2339	9				
2340	2340	14				
2341	2341	13				
2342	2342	5				
2343	2343	8				
2344	2344	10				
2345	2345	9				
2346	2346	12				
2347	2347	7				
2348	2348	13				
2349	2349	11				
2350	2350	6				
2351	2351	9				
2352	2352	11				
2353	2353	11				
2354	2354	14				
2355	2355	8				
2356	2356	7				
2357	2357	16				
2358	2358	8				
2359	2359	12				
2360	2360	4				
2361	2361	8				
2362	2362	13				
2363	2363	5				
2364	2364	8				
2365	2365	8				
2366	2366	12				
2367	2367	10				
2368	2368	17				
2369	2369	11				
2370	2370	6				
2371	2371	11				
2372	2372	10				
2373	2373	17				
2374	2374	13				
2375	2375	18				
2376	2376	9				
2377	2377	6				
2378	2378	9				
2379	2379	13				
2380	2380	14				
2381	2381	8				
2382	2382	10				
2383	2383	7				
2384	2384	11				
2385	2385	6				
2386	2386	12				
2387	2387	9				
2388	2388	6				
2389	2389	8				
2390	2390	7				
2391	2391	6				
2392	2392	11				
2393	2393	11				
2394	2394	3				
2395	2395	9				
2396	2396	12				
2397	2397	10				
2398	2398	9				
2399	2399	9				
2400	2400	10				
2401	2401	13				
2402	2402	11				
2403	2403	7				
2404	2404	7				
2405	2405	6				
2406	2406	8				
2407	2407	13				
2408	2408	9				
2409	2409	7				
2410	2410	9				
2411	2411	8				
2412	2412	11				
2413	2413	9				
2414	2414	13				
2415	2415	13				
2416	2416	8				
2417	2417	8				
2418	2418	8				
2419	2419	9				
2420	2420	11				
2421	2421	10				
2422	2422	12				
2423	2423	7				
2424	2424	15				
2425	2425	3				
2426	2426	8				
2427	2427	7				
2428	2428	14				
2429	2429	14				
2430	2430	7				
2431	2431	10				
2432	2432	5				
2433	2433	6				
2434	2434	4				
2435	2435	15				
2436	2436	5				
2437	2437	13				
2438	2438	10				
2439	2439	4				
2440	2440	9				
2441	2441	6				
2442	2442	8				
2443	2443	16				
2444	2444	8				
2445	2445	10				
2446	2446	10				
2447	2447	11				
2448	2448	9				
2449	2449	7				
2450	2450	10				
2451	2451	12				
2452	2452	8				
2453	2453	7				
2454	2454	10				
2455	2455	7				
2456	2456	9				
2457	2457	8				
2458	2458	10				
2459	2459	9				
2460	2460	8				
2461	2461	8				
2462	2462	4				
2463	2463	6				
2464	2464	10				
2465	2465	10				
2466	2466	13				
2467	2467	8				
2468	2468	11				
2469	2469	8				
2470	2470	13				
2471	2471	13				
2472	2472	5				
2473	2473	5				
2474	2474	8				
2475	2475	11				
2476	2476	9				
2477	2477	9				
2478	2478	5				
2479	2479	6				
2480	2480	11				
2481	2481	8				
2482	2482	9				
2483	2483	11				
2484	2484	17				
2485	2485	11				
2486	2486	9				
2487	2487	7				
2488	2488	10				
2489	2489	8				
2490	2490	8				
2491	2491	5				
2492	2492	9				
2493	2493	15				
2494	2494	7				
2495	2495	9				
2496	2496	9				
2497	2497	9				
2498	2498	8				
2499	2499	15				
2500	2500	8				
2501	2501	6				
2502	2502	8				
2503	2503	6				
2504	2504	8				
2505	2505	9				
2506	2506	9				
2507	2507	11				
2508	2508	2				
2509	2509	9				
2510	2510	12				
2511	2511	7				
2512	2512	7				
2513	2513	9				
2514	2514	7				
2515	2515	8				
2516	2516	10				
2517	2517	10				
2518	2518	7				
2519	2519	10				
2520	2520	13				
2521	2521	6				
2522	2522	10				
2523	2523	7				
2524	2524	6				
2525	2525	11				
2526	2526	10				
2527	2527	10				
2528	2528	6				
2529	2529	8				
2530	2530	5				
2531	2531	11				
2532	2532	8				
2533	2533	8				
2534	2534	5				
2535	2535	9				
2536	2536	6				
2537	2537	6				
2538	2538	7				
2539	2539	4				
2540	2540	4				
2541	2541	7				
2542	2542	9				
2543	2543	2				
2544	2544	10				
2545	2545	9				
2546	2546	9				
2547	2547	4				
2548	2548	9				
2549	2549	13				
2550	2550	15				
2551	2551	4				
2552	2552	8				
2553	2553	7				
2554	2554	13				
2555	2555	7				
2556	2556	7				
2557	2557	7				
2558	2558	9				
2559	2559	5				
2560	2560	6				
2561	2561	9				
2562	2562	9				
2563	2563	7				
2564	2564	9				
2565	2565	9				
2566	2566	12				
2567	2567	11				
2568	2568	9				
2569	2569	5				
2570	2570	12				
2571	2571	13				
2572	2572	16				
2573	2573	15				
2574	2574	9				
2575	2575	6				
2576	2576	5				
2577	2577	6				
2578	2578	7				
2579	2579	7				
2580	2580	3				
2581	2581	8				
2582	2582	10				
2583	2583	9				
2584	2584	7				
2585	2585	9				
2586	2586	10				
2587	2587	8				
2588	2588	8				
2589	2589	11				
2590	2590	12				
2591	2591	5				
2592	2592	7				
2593	2593	8				
2594	2594	5				
2595	2595	10				
2596	2596	3				
2597	2597	7				
2598	2598	6				
2599	2599	10				
2600	2600	4				
2601	2601	10				
2602	2602	4				
2603	2603	5				
2604	2604	6				
2605	2605	8				
2606	2606	5				
2607	2607	10				
2608	2608	12				
2609	2609	8				
2610	2610	10				
2611	2611	6				
2612	2612	5				
2613	2613	9				
2614	2614	9				
2615	2615	7				
2616	2616	11				
2617	2617	4				
2618	2618	11				
2619	2619	11				
2620	2620	8				
2621	2621	9				
2622	2622	7				
2623	2623	6				
2624	2624	9				
2625	2625	3				
2626	2626	5				
2627	2627	7				
2628	2628	9				
2629	2629	8				
2630	2630	8				
2631	2631	5				
2632	2632	8				
2633	2633	5				
2634	2634	7				
2635	2635	6				
2636	2636	9				
2637	2637	10				
2638	2638	6				
2639	2639	9				
2640	2640	9				
2641	2641	8				
2642	2642	7				
2643	2643	10				
2644	2644	10				
2645	2645	4				
2646	2646	8				
2647	2647	14				
2648	2648	7				
2649	2649	9				
2650	2650	7				
2651	2651	9				
2652	2652	6				
2653	2653	6				
2654	2654	11				
2655	2655	8				
2656	2656	12				
2657	2657	10				
2658	2658	10				
2659	2659	7				
2660	2660	12				
2661	2661	6				
2662	2662	3				
2663	2663	12				
2664	2664	6				
2665	2665	6				
2666	2666	6				
2667	2667	5				
2668	2668	8				
2669	2669	6				
2670	2670	5				
2671	2671	8				
2672	2672	11				
2673	2673	9				
2674	2674	9				
2675	2675	9				
2676	2676	13				
2677	2677	6				
2678	2678	9				
2679	2679	10				
2680	2680	5				
2681	2681	6				
2682	2682	8				
2683	2683	10				
2684	2684	6				
2685	2685	6				
2686	2686	3				
2687	2687	8				
2688	2688	7				
2689	2689	7				
2690	2690	5				
2691	2691	5				
2692	2692	5				
2693	2693	8				
2694	2694	6				
2695	2695	5				
2696	2696	15				
2697	2697	6				
2698	2698	6				
2699	2699	7				
2700	2700	12				
2701	2701	3				
2702	2702	9				
2703	2703	5				
2704	2704	8				
2705	2705	6				
2706	2706	7				
2707	2707	8				
2708	2708	6				
2709	2709	6				
2710	2710	8				
2711	2711	11				
2712	2712	10				
2713	2713	11				
2714	2714	10				
2715	2715	7				
2716	2716	7				
2717	2717	11				
2718	2718	7				
2719	2719	1				
2720	2720	11				
2721	2721	9				
2722	2722	8				
2723	2723	7				
2724	2724	11				
2725	2725	12				
2726	2726	7				
2727	2727	6				
2728	2728	7				
2729	2729	7				
2730	2730	12				
2731	2731	8				
2732	2732	8				
2733	2733	8				
2734	2734	11				
2735	2735	8				
2736	2736	5				
2737	2737	5				
2738	2738	10				
2739	2739	5				
2740	2740	10				
2741	2741	13				
2742	2742	10				
2743	2743	7				
2744	2744	5				
2745	2745	6				
2746	2746	8				
2747	2747	4				
2748	2748	13				
2749	2749	5				
2750	2750	5				
2751	2751	9				
2752	2752	6				
2753	2753	6				
2754	2754	6				
2755	2755	8				
2756	2756	10				
2757	2757	7				
2758	2758	10				
2759	2759	13				
2760	2760	6				
2761	2761	3				
2762	2762	2				
2763	2763	13				
2764	2764	7				
2765	2765	7				
2766	2766	8				
2767	2767	6				
2768	2768	8				
2769	2769	12				
2770	2770	11				
2771	2771	10				
2772	2772	2				
2773	2773	5				
2774	2774	6				
2775	2775	10				
2776	2776	6				
2777	2777	7				
2778	2778	4				
2779	2779	4				
2780	2780	8				
2781	2781	9				
2782	2782	9				
2783	2783	10				
2784	2784	8				
2785	2785	11				
2786	2786	5				
2787	2787	7				
2788	2788	10				
2789	2789	10				
2790	2790	13				
2791	2791	7				
2792	2792	8				
2793	2793	11				
2794	2794	3				
2795	2795	7				
2796	2796	7				
2797	2797	11				
2798	2798	7				
2799	2799	9				
2800	2800	10				
2801	2801	8				
2802	2802	8				
2803	2803	5				
2804	2804	8				
2805	2805	10				
2806	2806	4				
2807	2807	11				
2808	2808	12				
2809	2809	4				
2810	2810	4				
2811	2811	11				
2812	2812	8				
2813	2813	8				
2814	2814	7				
2815	2815	7				
2816	2816	6				
2817	2817	6				
2818	2818	10				
2819	2819	4				
2820	2820	10				
2821	2821	9				
2822	2822	8				
2823	2823	7				
2824	2824	11				
2825	2825	7				
2826	2826	13				
2827	2827	8				
2828	2828	9				
2829	2829	11				
2830	2830	7				
2831	2831	5				
2832	2832	8				
2833	2833	6				
2834	2834	6				
2835	2835	8				
2836	2836	4				
2837	2837	5				
2838	2838	9				
2839	2839	8				
2840	2840	6				
2841	2841	9				
2842	2842	10				
2843	2843	7				
2844	2844	14				
2845	2845	5				
2846	2846	4				
2847	2847	7				
2848	2848	11				
2849	2849	6				
2850	2850	3				
2851	2851	15				
2852	2852	11				
2853	2853	8				
2854	2854	8				
2855	2855	5				
2856	2856	9				
2857	2857	8				
2858	2858	7				
2859	2859	7				
2860	2860	5				
2861	2861	8				
2862	2862	7				
2863	2863	8				
2864	2864	8				
2865	2865	8				
2866	2866	13				
2867	2867	15				
2868	2868	10				
2869	2869	7				
2870	2870	7				
2871	2871	10				
2872	2872	12				
2873	2873	5				
2874	2874	7				
2875	2875	8				
2876	2876	6				
2877	2877	13				
2878	2878	4				
2879	2879	13				
2880	2880	7				
2881	2881	3				
2882	2882	8				
2883	2883	7				
2884	2884	8				
2885	2885	9				
2886	2886	12				
2887	2887	11				
2888	2888	10				
2889	2889	13				
2890	2890	10				
2891	2891	6				
2892	2892	11				
2893	2893	4				
2894	2894	9				
2895	2895	8				
2896	2896	10				
2897	2897	10				
2898	2898	10				
2899	2899	15				
2900	2900	13				
2901	2901	4				
2902	2902	10				
2903	2903	6				
2904	2904	11				
2905	2905	7				
2906	2906	6				
2907	2907	9				
2908	2908	10				
2909	2909	7				
2910	2910	14				
2911	2911	13				
2912	2912	12				
2913	2913	5				
2914	2914	10				
2915	2915	8				
2916	2916	5				
2917	2917	7				
2918	2918	11				
2919	2919	4				
2920	2920	12				
2921	2921	11				
2922	2922	9				
2923	2923	16				
2924	2924	9				
2925	2925	13				
2926	2926	11				
2927	2927	10				
2928	2928	13				
2929	2929	5				
2930	2930	7				
2931	2931	13				
2932	2932	10				
2933	2933	9				
2934	2934	7				
2935	2935	6				
2936	2936	11				
2937	2937	3				
2938	2938	8				
2939	2939	11				
2940	2940	13				
2941	2941	10				
2942	2942	6				
2943	2943	8				
2944	2944	8				
2945	2945	13				
2946	2946	11				
2947	2947	9				
2948	2948	8				
2949	2949	8				
2950	2950	7				
2951	2951	7				
2952	2952	7				
2953	2953	11				
2954	2954	10				
2955	2955	3				
2956	2956	12				
2957	2957	9				
2958	2958	7				
2959	2959	10				
2960	2960	8				
2961	2961	11				
2962	2962	12				
2963	2963	5				
2964	2964	9				
2965	2965	11				
2966	2966	11				
2967	2967	17				
2968	2968	11				
2969	2969	8				
2970	2970	10				
2971	2971	6				
2972	2972	9				
2973	2973	11				
2974	2974	8				
2975	2975	7				
2976	2976	15				
2977	2977	10				
2978	2978	18				
2979	2979	11				
2980	2980	8				
2981	2981	10				
2982	2982	6				
2983	2983	9				
2984	2984	6				
2985	2985	9				
2986	2986	15				
2987	2987	9				
2988	2988	8				
2989	2989	12				
2990	2990	7				
2991	2991	11				
2992	2992	14				
2993	2993	10				
2994	2994	10				
2995	2995	8				
2996	2996	13				
2997	2997	7				
2998	2998	8				
2999	2999	16				
3000	3000	5				
3001	3001	10				
3002	3002	10				
3003	3003	7				
3004	3004	9				
3005	3005	6				
3006	3006	15				
3007	3007	7				
3008	3008	13				
3009	3009	7				
3010	3010	19				
3011	3011	8				
3012	3012	11				
3013	3013	6				
3014	3014	8				
3015	3015	8				
3016	3016	14				
3017	3017	6				
3018	3018	13				
3019	3019	11				
3020	3020	13				
3021	3021	11				
3022	3022	8				
3023	3023	10				
3024	3024	12				
3025	3025	16				
3026	3026	12				
3027	3027	12				
3028	3028	17				
3029	3029	14				
3030	3030	4				
3031	3031	9				
3032	3032	16				
3033	3033	10				
3034	3034	7				
3035	3035	14				
3036	3036	8				
3037	3037	7				
3038	3038	13				
3039	3039	10				
3040	3040	10				
3041	3041	11				
3042	3042	13				
3043	3043	10				
3044	3044	16				
3045	3045	12				
3046	3046	8				
3047	3047	15				
3048	3048	14				
3049	3049	12				
3050	3050	14				
3051	3051	12				
3052	3052	10				
3053	3053	7				
3054	3054	11				
3055	3055	7				
3056	3056	21				
3057	3057	10				
3058	3058	18				
3059	3059	19				
3060	3060	13				
3061	3061	15				
3062	3062	11				
3063	3063	13				
3064	3064	12				
3065	3065	10				
3066	3066	9				
3067	3067	14				
3068	3068	12				
3069	3069	12				
3070	3070	9				
3071	3071	7				
3072	3072	10				
3073	3073	12				
3074	3074	8				
3075	3075	11				
3076	3076	19				
3077	3077	12				
3078	3078	9				
3079	3079	12				
3080	3080	18				
3081	3081	17				
3082	3082	9				
3083	3083	16				
3084	3084	11				
3085	3085	16				
3086	3086	13				
3087	3087	15				
3088	3088	19				
3089	3089	11				
3090	3090	10				
3091	3091	12				
3092	3092	20				
3093	3093	14				
3094	3094	17				
3095	3095	19				
3096	3096	16				
3097	3097	22				
3098	3098	16				
3099	3099	13				
3100	3100	14				
3101	3101	18				
3102	3102	15				
3103	3103	16				
3104	3104	8				
3105	3105	13				
3106	3106	19				
3107	3107	16				
3108	3108	17				
3109	3109	11				
3110	3110	12				
3111	3111	16				
3112	3112	16				
3113	3113	14				
3114	3114	13				
3115	3115	20				
3116	3116	25				
3117	3117	19				
3118	3118	22				
3119	3119	18				
3120	3120	20				
3121	3121	14				
3122	3122	17				
3123	3123	18				
3124	3124	25				
3125	3125	25				
3126	3126	20				
3127	3127	24				
3128	3128	14				
3129	3129	24				
3130	3130	17				
3131	3131	11				
3132	3132	17				
3133	3133	14				
3134	3134	17				
3135	3135	15				
3136	3136	26				
3137	3137	18				
3138	3138	17				
3139	3139	22				
3140	3140	22				
3141	3141	19				
3142	3142	23				
3143	3143	23				
3144	3144	18				
3145	3145	24				
3146	3146	25				
3147	3147	27				
3148	3148	27				
3149	3149	20				
3150	3150	24				
3151	3151	28				
3152	3152	23				
3153	3153	32				
3154	3154	30				
3155	3155	24				
3156	3156	23				
3157	3157	27				
3158	3158	27				
3159	3159	28				
3160	3160	37				
3161	3161	26				
3162	3162	24				
3163	3163	19				
3164	3164	26				
3165	3165	20				
3166	3166	19				
3167	3167	25				
3168	3168	26				
3169	3169	27				
3170	3170	24				
3171	3171	25				
3172	3172	20				
3173	3173	35				
3174	3174	35				
3175	3175	23				
3176	3176	32				
3177	3177	32				
3178	3178	42				
3179	3179	31				
3180	3180	26				
3181	3181	30				
3182	3182	34				
3183	3183	31				
3184	3184	32				
3185	3185	38				
3186	3186	32				
3187	3187	33				
3188	3188	36				
3189	3189	24				
3190	3190	38				
3191	3191	32				
3192	3192	30				
3193	3193	36				
3194	3194	36				
3195	3195	36				
3196	3196	29				
3197	3197	50				
3198	3198	35				
3199	3199	50				
3200	3200	32				
3201	3201	33				
3202	3202	32				
3203	3203	33				
3204	3204	35				
3205	3205	32				
3206	3206	44				
3207	3207	52				
3208	3208	35				
3209	3209	38				
3210	3210	38				
3211	3211	37				
3212	3212	33				
3213	3213	35				
3214	3214	37				
3215	3215	48				
3216	3216	41				
3217	3217	53				
3218	3218	49				
3219	3219	39				
3220	3220	38				
3221	3221	44				
3222	3222	36				
3223	3223	46				
3224	3224	36				
3225	3225	36				
3226	3226	44				
3227	3227	50				
3228	3228	39				
3229	3229	56				
3230	3230	43				
3231	3231	37				
3232	3232	42				
3233	3233	43				
3234	3234	46				
3235	3235	53				
3236	3236	36				
3237	3237	53				
3238	3238	40				
3239	3239	43				
3240	3240	43				
3241	3241	47				
3242	3242	55				
3243	3243	54				
3244	3244	52				
3245	3245	48				
3246	3246	55				
3247	3247	52				
3248	3248	52				
3249	3249	44				
3250	3250	56				
3251	3251	61				
3252	3252	51				
3253	3253	51				
3254	3254	45				
3255	3255	41				
3256	3256	50				
3257	3257	49				
3258	3258	44				
3259	3259	40				
3260	3260	66				
3261	3261	68				
3262	3262	48				
3263	3263	70				
3264	3264	51				
3265	3265	55				
3266	3266	46				
3267	3267	64				
3268	3268	56				
3269	3269	51				
3270	3270	52				
3271	3271	42				
3272	3272	55				
3273	3273	45				
3274	3274	59				
3275	3275	59				
3276	3276	48				
3277	3277	53				
3278	3278	61				
3279	3279	64				
3280	3280	58				
3281	3281	52				
3282	3282	52				
3283	3283	51				
3284	3284	53				
3285	3285	64				
3286	3286	69				
3287	3287	43				
3288	3288	60				
3289	3289	58				
3290	3290	41				
3291	3291	50				
3292	3292	54				
3293	3293	61				
3294	3294	61				
3295	3295	55				
3296	3296	70				
3297	3297	70				
3298	3298	60				
3299	3299	59				
3300	3300	63				
3301	3301	52				
3302	3302	61				
3303	3303	56				
3304	3304	53				
3305	3305	61				
3306	3306	50				
3307	3307	59				
3308	3308	58				
3309	3309	51				
3310	3310	57				
3311	3311	46				
3312	3312	70				
3313	3313	62				
3314	3314	62				
3315	3315	58				
3316	3316	59				
3317	3317	55				
3318	3318	58				
3319	3319	56				
3320	3320	54				
3321	3321	57				
3322	3322	58				
3323	3323	57				
3324	3324	60				
3325	3325	49				
3326	3326	61				
3327	3327	50				
3328	3328	62				
3329	3329	58				
3330	3330	47				
3331	3331	51				
3332	3332	55				
3333	3333	44				
3334	3334	45				
3335	3335	60				
3336	3336	45				
3337	3337	63				
3338	3338	52				
3339	3339	47				
3340	3340	65				
3341	3341	52				
3342	3342	53				
3343	3343	61				
3344	3344	46				
3345	3345	58				
3346	3346	58				
3347	3347	54				
3348	3348	38				
3349	3349	57				
3350	3350	50				
3351	3351	67				
3352	3352	63				
3353	3353	54				
3354	3354	46				
3355	3355	57				
3356	3356	45				
3357	3357	48				
3358	3358	56				
3359	3359	54				
3360	3360	47				
3361	3361	56				
3362	3362	58				
3363	3363	44				
3364	3364	54				
3365	3365	52				
3366	3366	56				
3367	3367	51				
3368	3368	59				
3369	3369	45				
3370	3370	35				
3371	3371	36				
3372	3372	42				
3373	3373	54				
3374	3374	64				
3375	3375	43				
3376	3376	38				
3377	3377	44				
3378	3378	43				
3379	3379	38				
3380	3380	39				
3381	3381	47				
3382	3382	45				
3383	3383	45				
3384	3384	45				
3385	3385	32				
3386	3386	47				
3387	3387	50				
3388	3388	37				
3389	3389	30				
3390	3390	35				
3391	3391	37				
3392	3392	31				
3393	3393	55				
3394	3394	37				
3395	3395	48				
3396	3396	38				
3397	3397	34				
3398	3398	47				
3399	3399	37				
3400	3400	44				
3401	3401	37				
3402	3402	24				
3403	3403	25				
3404	3404	40				
3405	3405	38				
3406	3406	38				
3407	3407	31				
3408	3408	42				
3409	3409	39				
3410	3410	37				
3411	3411	33				
3412	3412	35				
3413	3413	33				
3414	3414	36				
3415	3415	40				
3416	3416	33				
3417	3417	29				
3418	3418	34				
3419	3419	41				
3420	3420	35				
3421	3421	33				
3422	3422	29				
3423	3423	39				
3424	3424	31				
3425	3425	35				
3426	3426	29				
3427	3427	34				
3428	3428	30				
3429	3429	31				
3430	3430	33				
3431	3431	19				
3432	3432	28				
3433	3433	30				
3434	3434	18				
3435	3435	26				
3436	3436	22				
3437	3437	19				
3438	3438	32				
3439	3439	23				
3440	3440	31				
3441	3441	27				
3442	3442	24				
3443	3443	25				
3444	3444	33				
3445	3445	29				
3446	3446	24				
3447	3447	20				
3448	3448	26				
3449	3449	25				
3450	3450	20				
3451	3451	26				
3452	3452	22				
3453	3453	26				
3454	3454	18				
3455	3455	26				
3456	3456	21				
3457	3457	21				
3458	3458	20				
3459	3459	33				
3460	3460	20				
3461	3461	18				
3462	3462	28				
3463	3463	17				
3464	3464	15				
3465	3465	27				
3466	3466	19				
3467	3467	21				
3468	3468	16				
3469	3469	17				
3470	3470	13				
3471	3471	17				
3472	3472	20				
3473	3473	21				
3474	3474	16				
3475	3475	18				
3476	3476	20				
3477	3477	11				
3478	3478	9				
3479	3479	13				
3480	3480	10				
3481	3481	17				
3482	3482	19				
3483	3483	15				
3484	3484	14				
3485	3485	19				
3486	3486	18				
3487	3487	13				
3488	3488	10				
3489	3489	15				
3490	3490	19				
3491	3491	9				
3492	3492	14				
3493	3493	16				
3494	3494	14				
3495	3495	10				
3496	3496	12				
3497	3497	12				
3498	3498	13				
3499	3499	15				
3500	3500	11				
3501	3501	15				
3502	3502	14				
3503	3503	8				
3504	3504	11				
3505	3505	11				
3506	3506	12				
3507	3507	16				
3508	3508	13				
3509	3509	15				
3510	3510	5				
3511	3511	14				
3512	3512	5				
3513	3513	14				
3514	3514	7				
3515	3515	14				
3516	3516	8				
3517	3517	7				
3518	3518	19				
3519	3519	6				
3520	3520	6				
3521	3521	11				
3522	3522	5				
3523	3523	8				
3524	3524	13				
3525	3525	11				
3526	3526	6				
3527	3527	8				
3528	3528	6				
3529	3529	8				
3530	3530	10				
3531	3531	5				
3532	3532	8				
3533	3533	4				
3534	3534	5				
3535	3535	6				
3536	3536	10				
3537	3537	8				
3538	3538	5				
3539	3539	4				
3540	3540	5				
3541	3541	5				
3542	3542	5				
3543	3543	4				
3544	3544	5				
3545	3545	6				
3546	3546	3				
3547	3547	6				
3548	3548	4				
3549	3549	11				
3550	3550	5				
3551	3551	4				
3552	3552	6				
3553	3553	7				
3554	3554	1				
3555	3555	4				
3556	3556	5				
3557	3557	4				
3558	3558	6				
3559	3559	7				
3560	3560	5				
3561	3561	4				
3562	3562	3				
3563	3563	3				
3564	3564	1				
3565	3565	6				
3566	3566	4				
3567	3567	9				
3568	3568	3				
3569	3569	8				
3570	3570	6				
3571	3571	8				
3572	3572	3				
3573	3573	7				
3574	3574	4				
3575	3575	3				
3576	3576	4				
3577	3577	5				
3578	3578	5				
3579	3579	2				
3580	3580	1				
3581	3581	2				
3582	3582	4				
3583	3583	4				
3584	3584	3				
3585	3585	0				
3586	3586	3				
3587	3587	7				
3588	3588	4				
3589	3589	5				
3590	3590	0				
3591	3591	7				
3592	3592	4				
3593	3593	1				
3594	3594	2				
3595	3595	5				
3596	3596	4				
3597	3597	2				
3598	3598	3				
3599	3599	5				
3600	3600	3				
3601	3601	5				
3602	3602	5				
3603	3603	6				
3604	3604	3				
3605	3605	6				
3606	3606	5				
3607	3607	2				
3608	3608	6				
3609	3609	2				
3610	3610	7				
3611	3611	5				
3612	3612	1				
3613	3613	3				
3614	3614	1				
3615	3615	1				
3616	3616	2				
3617	3617	5				
3618	3618	3				
3619	3619	1				
3620	3620	5				
3621	3621	3				
3622	3622	0				
3623	3623	1				
3624	3624	4				
3625	3625	6				
3626	3626	4				
3627	3627	3				
3628	3628	7				
3629	3629	3				
3630	3630	2				
3631	3631	2				
3632	3632	2				
3633	3633	3				
3634	3634	4				
3635	3635	1				
3636	3636	5				
3637	3637	3				
3638	3638	4				
3639	3639	3				
3640	3640	1				
3641	3641	2				
3642	3642	4				
3643	3643	1				
3644	3644	1				
3645	3645	3				
3646	3646	2				
3647	3647	3				
3648	3648	2				
3649	3649	1				
3650	3650	3				
3651	3651	3				
3652	3652	5				
3653	3653	5				
3654	3654	4				
3655	3655	3				
3656	3656	0				
3657	3657	2				
3658	3658	1				
3659	3659	1				
3660	3660	3				
3661	3661	2				
3662	3662	2				
3663	3663	2				
3664	3664	4				
3665	3665	4				
3666	3666	6				
3667	3667	5				
3668	3668	3				
3669	3669	3				
3670	3670	4				
3671	3671	2				
3672	3672	6				
3673	3673	1				
3674	3674	1				
3675	3675	4				
3676	3676	8				
3677	3677	7				
3678	3678	6				
3679	3679	3				
3680	3680	1				
3681	3681	1				
3682	3682	5				
3683	3683	2				
3684	3684	7				
3685	3685	4				
3686	3686	4				
3687	3687	2				
3688	3688	2				
3689	3689	4				
3690	3690	3				
3691	3691	3				
3692	3692	2				
3693	3693	3				
3694	3694	2				
3695	3695	1				
3696	3696	1				
3697	3697	0				
3698	3698	2				
3699	3699	2				
3700	3700	1				
3701	3701	1				
3702	3702	5				
3703	3703	4				
3704	3704	3				
3705	3705	2				
3706	3706	2				
3707	3707	2				
3708	3708	4				
3709	3709	2				
3710	3710	2				
3711	3711	2				
3712	3712	1				
3713	3713	1				
3714	3714	2				
3715	3715	3				
3716	3716	1				
3717	3717	4				
3718	3718	2				
3719	3719	3				
3720	3720	6				
3721	3721	5				
3722	3722	2				
3723	3723	2				
3724	3724	2				
3725	3725	2				
3726	3726	4				
3727	3727	3				
3728	3728	1				
3729	3729	0				
3730	3730	3				
3731	3731	5				
3732	3732	4				
3733	3733	3				
3734	3734	6				
3735	3735	3				
3736	3736	2				
3737	3737	1				
3738	3738	4				
3739	3739	1				
3740	3740	1				
3741	3741	2				
3742	3742	1				
3743	3743	4				
3744	3744	3				
3745	3745	5				
3746	3746	1				
3747	3747	0				
3748	3748	2				
3749	3749	3				
3750	3750	1				
3751	3751	5				
3752	3752	3				
3753	3753	6				
3754	3754	2				
3755	3755	2				
3756	3756	3				
3757	3757	2				
3758	3758	1				
3759	3759	3				
3760	3760	1				
3761	3761	2				
3762	3762	1				
3763	3763	2				
3764	3764	2				
3765	3765	5				
3766	3766	4				
3767	3767	4				
3768	3768	3				
3769	3769	7				
3770	3770	0				
3771	3771	2				
3772	3772	2				
3773	3773	3				
3774	3774	2				
3775	3775	4				
3776	3776	1				
3777	3777	2				
3778	3778	3				
3779	3779	1				
3780	3780	0				
3781	3781	6				
3782	3782	1				
3783	3783	2				
3784	3784	4				
3785	3785	2				
3786	3786	1				
3787	3787	3				
3788	3788	2				
3789	3789	2				
3790	3790	2				
3791	3791	0				
3792	3792	1				
3793	3793	1				
3794	3794	4				
3795	3795	3				
3796	3796	3				
3797	3797	5				
3798	3798	0				
3799	3799	3				
3800	3800	3				
3801	3801	4				
3802	3802	3				
3803	3803	5				
3804	3804	4				
3805	3805	1				
3806	3806	1				
3807	3807	3				
3808	3808	3				
3809	3809	3				
3810	3810	3				
3811	3811	2				
3812	3812	3				
3813	3813	2				
3814	3814	1				
3815	3815	6				
3816	3816	2				
3817	3817	1				
3818	3818	2				
3819	3819	2				
3820	3820	1				
3821	3821	0				
3822	3822	4				
3823	3823	3				
3824	3824	4				
3825	3825	0				
3826	3826	3				
3827	3827	3				
3828	3828	3				
3829	3829	2				
3830	3830	1				
3831	3831	1				
3832	3832	2				
3833	3833	4				
3834	3834	2				
3835	3835	3				
3836	3836	2				
3837	3837	3				
3838	3838	2				
3839	3839	0				
3840	3840	3				
3841	3841	3				
3842	3842	2				
3843	3843	3				
3844	3844	1				
3845	3845	2				
3846	3846	2				
3847	3847	1				
3848	3848	1				
3849	3849	2				
3850	3850	3				
3851	3851	1				
3852	3852	3				
3853	3853	1				
3854	3854	4				
3855	3855	2				
3856	3856	3				
3857	3857	1				
3858	3858	0				
3859	3859	1				
3860	3860	2				
3861	3861	4				
3862	3862	3				
3863	3863	1				
3864	3864	1				
3865	3865	2				
3866	3866	1				
3867	3867	1				
3868	3868	3				
3869	3869	7				
3870	3870	0				
3871	3871	1				
3872	3872	2				
3873	3873	2				
3874	3874	4				
3875	3875	1				
3876	3876	1				
3877	3877	5				
3878	3878	2				
3879	3879	3				
3880	3880	0				
3881	3881	2				
3882	3882	3				
3883	3883	3				
3884	3884	3				
3885	3885	3				
3886	3886	1				
3887	3887	1				
3888	3888	3				
3889	3889	0				
3890	3890	1				
3891	3891	2				
3892	3892	3				
3893	3893	1				
3894	3894	3				
3895	3895	0				
3896	3896	1				
3897	3897	0				
3898	3898	3				
3899	3899	3				
3900	3900	0				
3901	3901	1				
3902	3902	0				
3903	3903	3				
3904	3904	5				
3905	3905	4				
3906	3906	4				
3907	3907	4				
3908	3908	5				
3909	3909	2				
3910	3910	4				
3911	3911	1				
3912	3912	1				
3913	3913	0				
3914	3914	2				
3915	3915	2				
3916	3916	2				
3917	3917	4				
3918	3918	2				
3919	3919	4				
3920	3920	1				
3921	3921	0				
3922	3922	2				
3923	3923	7				
3924	3924	3				
3925	3925	3				
3926	3926	3				
3927	3927	4				
3928	3928	2				
3929	3929	2				
3930	3930	3				
3931	3931	5				
3932	3932	4				
3933	3933	1				
3934	3934	0				
3935	3935	1				
3936	3936	0				
3937	3937	0				
3938	3938	3				
3939	3939	2				
3940	3940	0				
3941	3941	4				
3942	3942	1				
3943	3943	2				
3944	3944	1				
3945	3945	5				
3946	3946	2				
3947	3947	2				
3948	3948	2				
3949	3949	3				
3950	3950	3				
3951	3951	2				
3952	3952	3				
3953	3953	1				
3954	3954	2				
3955	3955	4				
3956	3956	4				
3957	3957	2				
3958	3958	3				
3959	3959	2				
3960	3960	3				
3961	3961	3				
3962	3962	3				
3963	3963	3				
3964	3964	2				
3965	3965	3				
3966	3966	1				
3967	3967	2				
3968	3968	1				
3969	3969	3				
3970	3970	3				
3971	3971	3				
3972	3972	0				
3973	3973	2				
3974	3974	1				
3975	3975	1				
3976	3976	1				
3977	3977	4				
3978	3978	1				
3979	3979	0				
3980	3980	2				
3981	3981	2				
3982	3982	3				
3983	3983	0				
3984	3984	3				
3985	3985	2				
3986	3986	5				
3987	3987	0				
3988	3988	3				
3989	3989	5				
3990	3990	3				
3991	3991	2				
3992	3992	3				
3993	3993	1				
3994	3994	2				
3995	3995	2				
3996	3996	3				
3997	3997	4				
3998	3998	5				
3999	3999	1				
4000	4000	2				
4001	4001	4				
4002	4002	1				
4003	4003	2				
4004	4004	1				
4005	4005	4				
4006	4006	2				
4007	4007	2				
4008	4008	0				
4009	4009	3				
4010	4010	0				
4011	4011	2				
4012	4012	4				
4013	4013	2				
4014	4014	2				
4015	4015	2				
4016	4016	4				
4017	4017	1				
4018	4018	0				
4019	4019	2				
4020	4020	2				
4021	4021	3				
4022	4022	4				
4023	4023	3				
4024	4024	1				
4025	4025	5				
4026	4026	3				
4027	4027	1				
4028	4028	5				
4029	4029	2				
4030	4030	1				
4031	4031	1				
4032	4032	1				
4033	4033	4				
4034	4034	2				
4035	4035	4				
4036	4036	1				
4037	4037	4				
4038	4038	3				
4039	4039	3				
4040	4040	4				
4041	4041	4				
4042	4042	1				
4043	4043	4				
4044	4044	2				
4045	4045	1				
4046	4046	2				
4047	4047	1				
4048	4048	1				
4049	4049	1				
4050	4050	1				
4051	4051	1				
4052	4052	2				
4053	4053	2				
4054	4054	3				
4055	4055	3				
4056	4056	2				
4057	4057	3				
4058	4058	2				
4059	4059	2				
4060	4060	3				
4061	4061	1				
4062	4062	5				
4063	4063	3				
4064	4064	3				
4065	4065	1				
4066	4066	4				
4067	4067	2				
4068	4068	2				
4069	4069	2				
4070	4070	2				
4071	4071	0				
4072	4072	0				
4073	4073	3				
4074	4074	3				
4075	4075	3				
4076	4076	1				
4077	4077	3				
4078	4078	2				
4079	4079	5				
4080	4080	1				
4081	4081	1				
4082	4082	3				
4083	4083	4				
4084	4084	5				
4085	4085	4				
4086	4086	0				
4087	4087	2				
4088	4088	2				
4089	4089	3				
4090	4090	0				
4091	4091	5				
4092	4092	2				
4093	4093	6				
4094	4094	3				
4095	4095	3				
